regime_name,regime_label,N,domains_represented,key_enrichment,OR,CI95,FDR_p_value,support_level,allowed_claim,prohibited_claim,future_validation_target
modifier_penetrance_boundary,Modifier/penetrance boundary,16125,hereditary_cancer,modifier_penetrance_boundary enriched for population_penetrance_review,39870.6856871638,2492.9715635902658–637661.3357254813,1.3857835673629953e-11,strong_empirical_support,Modifier/penetrance-boundary architecture is strongly supported as a portability regime requiring population/penetrance review and PRF-style conditional-risk framing.,"Do not claim clinical validation, therapeutic utility, or universality beyond the current benchmark.",Validate PRF framing against penetrance-aware curated cohorts.
nonspecific_underresolved,Nonspecific/underresolved,7253,cardiomyopathy|hereditary_cancer|inherited_arrhythmia,nonspecific_underresolved enriched for contextual_repair/condition_label_drift,3.067039711282192,2.7716981750104654–3.393851709898548,1.2361846332579816e-11,strong_empirical_support,Nonspecific/underresolved architecture is strongly supported as a portability regime requiring contextual repair or disease-specific review.,"Do not claim clinical validation, therapeutic utility, or universality beyond the current benchmark.",Validate contextual repair decisions against expert label-resolution review.
structural_functional_overlap,Structural-functional overlap,2127,cardiomyopathy|inherited_arrhythmia,structural_functional_overlap enriched for disease_specific_review,82.43202259195897,46.145670556723715–147.25191478686077,1.2003820330641659e-11,strong_empirical_support,Structural-functional overlap is strongly supported as a cardiac portability regime enriched for disease-specific review.,"Do not claim clinical validation, therapeutic utility, or universality beyond the current benchmark.",Validate structural/electrical overlap with expert cardiac domain review.
phenotype_anchored_monogenic,Phenotype-anchored monogenic,756,cardiomyopathy,phenotype_anchored_monogenic enriched for self_loop_stable,2.7608819543729073,2.035531085230891–3.744707816691164,8.09302400503387e-12,strong_empirical_support,Phenotype-anchored monogenic assertions are empirically supported as a self-loop-stable portability regime.,"Do not claim clinical validation, therapeutic utility, or universality beyond the current benchmark.",Replicate self-loop stability in additional disease-specific curation settings.
syndrome_organ_boundary,Syndrome-organ boundary,408,cardiomyopathy|inherited_arrhythmia,syndrome_anchored subset enriched for self_loop_stable,12.603735208223286,5.429661439540605–29.256730455084814,6.159857309687069e-12,strong_empirical_support,Syndrome-organ boundary is supported as an identity-versus-meaning boundary class; its domain-specific enrichment should be stated cautiously.,"Do not claim clinical validation, therapeutic utility, or universality beyond the current benchmark.",Validate syndrome-to-organ and organ-to-syndrome boundaries across curated disease-specific labels.
trigger_dependent_latent,Trigger-dependent latent,45,inherited_arrhythmia,trigger_dependent_latent enriched for contextual_repair,0.6326441361098886,0.33015885547270374–1.2122606930569442,0.24154472931694485,underpowered_framework_category,"Trigger-dependent latent architecture is a biologically motivated CAB/PRF framework category and high-priority validation target, but is underpowered here.","Do not claim robust enrichment, validation, or boundary-driving behavior from current data.",Add trigger/provocation-rich arrhythmia and latent-risk datasets or expert adjudication.
pleiotropic_collision,Pleiotropic collision,11,inherited_arrhythmia,pleiotropic_collision enriched for cross_environment_drift,0.2571615059559647,0.015150352311924855–4.365049655874147,0.43230110910276154,underpowered_framework_category,Pleiotropic-collision architecture is a biologically motivated framework category but is underpowered here and should not be claimed as robustly driving boundary crossing.,"Do not claim robust enrichment, validation, or boundary-driving behavior from current data.",Increase cross-domain pleiotropic gene sampling and expert-reviewed boundary labels.
genotype_first_absent_phenotype,Genotype-first absent phenotype,0,nan,genotype_first_absent_phenotype enriched for PRF_needed/no_deterministic_reuse,0.3757496203639359,0.00745459535357168–18.93969699321042,1.0,absent_in_current_benchmark,"Genotype-first absent-phenotype architecture is retained as a PRF-relevant conceptual regime, not empirically supported in the current mapping.",Do not claim empirical support in the current benchmark.,Use genotype-first cohorts with explicit absent/unknown phenotype fields and penetrance follow-up.
